{"cameraMode":{"drawMode":0,"name":"Shaded","section":"Shading Mode"},"sceneLighting":false,"audioPlay":false,"sceneViewState":{"showFog":true,"showMaterialUpdate":false,"showSkybox":false,"showFlares":true,"showImageEffects":true,"showParticleSystems":true},"in2DMode":false,"pivot":{"x":-24.299999237060548,"y":-0.14300626516342164,"z":5.099999904632568},"rotation":{"x":0.2425926923751831,"y":-0.29956212639808657,"z":0.0790490210056305,"w":0.9193265438079834},"size":2.946078062057495,"orthographic":false}