{"cameraMode":{"drawMode":0,"name":"Shaded","section":"Shading Mode"},"sceneLighting":true,"audioPlay":false,"sceneViewState":{"showFog":true,"showMaterialUpdate":false,"showSkybox":true,"showFlares":true,"showImageEffects":true,"showParticleSystems":true},"in2DMode":false,"pivot":{"x":3.316603899002075,"y":-7.864930152893066,"z":-5.392804145812988},"rotation":{"x":-0.36478689312934878,"y":-0.055811233818531039,"z":0.021912673488259317,"w":-0.9291837811470032},"size":47.521236419677737,"orthographic":false}