{"cameraMode":{"drawMode":0,"name":"Shaded","section":"Shading Mode"},"sceneLighting":false,"audioPlay":false,"sceneViewState":{"showFog":true,"showMaterialUpdate":false,"showSkybox":false,"showFlares":true,"showImageEffects":true,"showParticleSystems":true},"in2DMode":false,"pivot":{"x":0.5614407062530518,"y":0.6052840352058411,"z":0.9219954609870911},"rotation":{"x":-0.07167145609855652,"y":-0.9169774651527405,"z":0.1920022815465927,"w":-0.3423328101634979},"size":2.21097469329834,"orthographic":false}