{"cameraMode":{"drawMode":0,"name":"Shaded","section":"Shading Mode"},"sceneLighting":false,"audioPlay":false,"sceneViewState":{"showFog":true,"showMaterialUpdate":false,"showSkybox":false,"showFlares":true,"showImageEffects":true,"showParticleSystems":true},"in2DMode":false,"pivot":{"x":10.057153701782227,"y":-2.1610167026519777,"z":25.517906188964845},"rotation":{"x":-0.1961309015750885,"y":-0.1832229048013687,"z":0.03733345866203308,"w":-0.9625980854034424},"size":1.4289417266845704,"orthographic":false}