{"cameraMode":{"drawMode":0,"name":"Shaded","section":"Shading Mode"},"sceneLighting":false,"audioPlay":false,"sceneViewState":{"showFog":true,"showMaterialUpdate":false,"showSkybox":false,"showFlares":true,"showImageEffects":true,"showParticleSystems":true},"in2DMode":false,"pivot":{"x":0.1229022741317749,"y":-0.6298646926879883,"z":0.08623147010803223},"rotation":{"x":0.05189748480916023,"y":-0.9476041197776794,"z":0.20643632113933564,"w":0.23822815716266633},"size":4.957884311676025,"orthographic":false}