{"cameraMode":{"drawMode":0,"name":"Shaded","section":"Shading Mode"},"sceneLighting":false,"audioPlay":false,"sceneViewState":{"showFog":true,"showMaterialUpdate":false,"showSkybox":false,"showFlares":true,"showImageEffects":true,"showParticleSystems":true},"in2DMode":false,"pivot":{"x":2.932643413543701,"y":0.11847257614135742,"z":16.81079864501953},"rotation":{"x":-0.011414390988647938,"y":-0.9885861873626709,"z":0.10358688235282898,"w":-0.10898758471012116},"size":3.7578837871551515,"orthographic":false}