{"cameraMode":{"drawMode":0,"name":"Shaded","section":"Shading Mode"},"sceneLighting":false,"audioPlay":false,"sceneViewState":{"showFog":true,"showMaterialUpdate":false,"showSkybox":false,"showFlares":true,"showImageEffects":true,"showParticleSystems":true},"in2DMode":false,"pivot":{"x":-20.810707092285158,"y":0.7365527153015137,"z":6.963464736938477},"rotation":{"x":0.01772707886993885,"y":-0.9706587791442871,"z":0.22768382728099824,"w":0.07557056844234467},"size":2.5578837394714357,"orthographic":false}